,,,,,,
Event Name ,Date,Time,Address,City ,State,Zip
,,,,,,
HHM Special Event ,10/3/2025,2-6PM,1313 W 49th Street,Hialeah,FL,33012
HHM Special Event,10/4/2025,2-6PM,6337 Stirling Road,Davie,FL,33314
HHM Special Event,10/4/2025,2-6PM,12192 NW 7th Ave,North Miami,FL,33168
HHM Special Event,10/10/2025,2-6PM,3670 Davie Boulevard,Fort Lauderdale,FL,33312
HHM Special Event,10/10/2025,2-6PM,133 NE 54th Street,Miami,FL,33137
HHM Special Event,10/11/2025,2-6PM,549 E Sample Road,Pompano beach,FL,33064
HHM Special Event,10/11/2025,2-6PM,3853 W Hillsboro Boulevard,Deerfield Beach,FL,33442
